{"cameraMode":{"drawMode":0,"name":"Shaded","section":"Shading Mode"},"sceneLighting":true,"audioPlay":false,"sceneViewState":{"m_AlwaysRefresh":false,"showFog":true,"showSkybox":true,"showFlares":true,"showImageEffects":true,"showParticleSystems":true,"showVisualEffectGraphs":true,"m_FxEnabled":true},"in2DMode":false,"pivot":{"x":0.47263479232788088,"y":7.559999465942383,"z":-4.136877059936523},"rotation":{"x":-0.23826122283935548,"y":0.7082664966583252,"z":-0.28001999855041506,"w":-0.6026438474655151},"size":10.166295051574707,"orthographic":false}